donor	sample	#CHROM	Start	End	REF	ALT_expected	Cell_type_expected	Num_cells_expected	CB	Cell_type_observed	Base_observed	Num_reads
1-M-62	10X_P5_10	chr10	43605520	43605520	A	G	granulocyte	7	CCTACACTCATCGCTC	plasma_cell	A	1
1-M-62	10X_P5_10	chr10	43605520	43605520	A	G	granulocyte	7	GGCGTGTGTCTCACCT	plasma_cell	G	2
1-M-62	10X_P5_10	chr10	81136924	81136924	T	G	macrophage	3	AGGCCACAGTTAACGA	plasma_cell	T	2
1-M-62	10X_P5_10	chr10	81136924	81136924	T	G	macrophage	3	TCAGCAATCCGTACAA	plasma_cell	T	1
1-M-62	10X_P5_10	chr10	81136924	81136924	T	G	macrophage	3	ACATGGTAGGGAGTAA	plasma_cell	T	1
1-M-62	10X_P5_10	chr11	58189199	58189199	T	C	hematopoietic_precursor_cell	2	ACATGGTAGGGAGTAA	plasma_cell	T	3
1-M-62	10X_P5_10	chr11	59199562	59199562	T	C	granulocyte	3	CAAGATCAGCTCCTCT	plasma_cell	T	2
1-M-62	10X_P5_10	chr18	31796444	31796444	T	C	macrophage	3	ACATGGTAGGGAGTAA	plasma_cell	T	1
1-M-62	10X_P5_10	chr19	5802672	5802672	G	C	granulocytopoietic_cell	3	CAAGATCAGCTCCTCT	plasma_cell	G	1
1-M-62	10X_P5_10	chr2	43829510	43829510	A	G	granulocytopoietic_cell	2	AGGCCACAGTTAACGA	plasma_cell	A	3
1-M-62	10X_P5_10	chr2	163635040	163635040	C	T	granulocytopoietic_cell	2	TCTGAGAGTGGTACAG	plasma_cell	C	1
1-M-62	10X_P5_10	chr3	105728678	105728678	G	A	monocyte	3	ACATGGTAGGGAGTAA	plasma_cell	G	1
1-M-62	10X_P5_10	chr5	34575655	34575655	A	G	erythroblast	2	TCAGCAATCCGTACAA	plasma_cell	A	1
1-M-62	10X_P5_10	chr5	88783005	88783005	A	G	monocyte	4	AGGCCACAGTTAACGA	plasma_cell	A	1
1-M-62	10X_P5_10	chr5	88783005	88783005	A	G	monocyte	4	CGGACTGCAAGCTGTT	plasma_cell	A	1
1-M-62	10X_P5_10	chr7	25293938	25293938	A	G	granulocytopoietic_cell	3	ACGAGCCTCCGAAGAG	plasma_cell	A	1
1-M-62	10X_P5_10	chr7	63932321	63932321	T	A	promonocyte	3	CGGACTGCAAGCTGTT	plasma_cell	T	1
1-M-62	10X_P5_10	chr8	71534117	71534117	C	T	naive_T_cell	2	ACATGGTAGGGAGTAA	plasma_cell	C	2
1-M-62	10X_P5_13	chr18	31691246	31691246	C	T	bronchial_smooth_muscle_cell	2	AACTGGTTCACATGCA	plasma_cell	C	7
